density,defector_frac,neighbourhood_count,activation_rate,H_tail_mean,H_tail_std,morans_I_mean,morans_I_std,nb_variance_mean,nb_variance_std,steps_mean,n_seeds
0.3,0.0,5,0.5,0.8366397155464687,0.0009322524373935326,0.6945173305773034,0.04236297567147157,0.8679153707481109,0.039430826821577336,40.0,2
0.5,0.5,25,0.5,0.9357874491039331,0.002895037851179838,0.7451517275824519,0.057196436495111413,0.9688050748295272,0.08747681508327543,40.0,2
